container_id,container_size,container_pulling_delay
0,1.925,0.001925
1,0.152,0.000152
2,0.361,0.000361
3,1.58,0.00158
4,0.668,0.0006680000000000001
