container_id,container_size,container_pulling_delay
0,1.653,0.001653
1,1.372,0.0013720000000000002
2,1.81,0.00181
3,1.822,0.001822
4,0.463,0.00046300000000000003
5,1.732,0.001732
6,1.138,0.001138
7,0.393,0.000393
8,0.244,0.000244
9,1.892,0.0018919999999999998
